Type,Name,Request Count,Failure Count,Median Response Time,Average Response Time,Min Response Time,Max Response Time,Average Content Size,Requests/s,Failures/s,50%,66%,75%,80%,90%,95%,98%,99%,99.9%,99.99%,100%
GET,GET /analytics/ai-performance,22,0,67,97.12949090846286,31.789699991350062,327.3373999982141,2196.0,0.18011340579564952,0.0,67,89,110,130,190,230,330,330,330,330,330
GET,GET /analytics/overview,81,0,20,64.58104938325432,11.11569999193307,949.0035000053467,2696.0,0.6631448122476187,0.0,20,29,35,39,74,450,560,950,950,950,950
GET,GET /kb/search,141,0,87,106.79922553158286,36.93170000042301,454.49099999677856,52.0,1.1543631916902992,0.0,87,110,120,130,160,220,420,440,450,450,450
GET,"GET /kb/search (429 per-IP limit, expected)",92,0,54,53.999182609044034,12.081699998816475,211.14440000383183,48.0,0.7532015151454434,0.0,54,60,68,71,94,120,170,210,210,210,210
GET,GET /tickets (SLA at risk),57,0,69,90.41045263068538,29.714699994656257,526.0199000040302,24646.842105263157,0.4666574604705465,0.0,69,86,110,120,160,240,250,530,530,530,530
GET,GET /tickets (my work),233,0,50,69.44412145878053,23.32320000277832,523.7272000085795,24745.87982832618,1.9075647068357426,0.0,50,67,78,86,110,150,300,370,520,520,520
GET,GET /tickets (queue),201,0,47,60.91388855721693,25.242900010198355,440.3183000104036,21251.65671641791,1.6455815711329798,0.0,47,58,68,81,110,140,160,190,440,440,440
GET,GET /tickets (requester),614,0,39,55.17670341989394,18.644800002221018,400.55580000625923,24806.630293159607,5.026801416296764,0.0,39,50,62,72,110,140,180,260,400,400,400
GET,GET /tickets/{id},651,0,58,59.60730691270967,13.930899993283674,510.5938999913633,1035.7972350230414,5.3297194169530835,0.0,58,65,72,79,100,130,160,230,510,510,510
GET,GET /tickets/{id}/ai,305,0,59,58.271435737709105,14.187499997206032,272.3758999927668,1569.7377049180327,2.4970267621669593,0.0,59,67,71,79,98,120,150,220,270,270,270
GET,GET /tickets/{id}/comments,649,0,71,80.59883775034449,21.86779999465216,312.84310000773985,108.55007704160246,5.313345470971661,0.0,71,79,86,93,110,140,200,220,310,310,310
GET,GET /tickets/{id}/history,305,0,67,74.52669999959161,17.450600003940053,285.40189999330323,411.97049180327866,2.4970267621669593,0.0,67,75,80,85,100,120,140,170,290,290,290
GET,GET /tickets?q= (search),86,0,140,157.02898953540446,32.794400001876056,528.1074999948032,20740.43023255814,0.7040796772011754,0.0,140,160,190,210,240,280,330,530,530,530,530
POST,POST /tickets,58,0,110,134.2651913796074,44.33210000570398,522.5831999996444,913.8620689655172,0.4748444334612578,0.0,110,140,150,170,230,360,460,520,520,520,520
POST,"POST /tickets (429 per-IP limit, expected)",53,0,59,57.486666037804305,14.36699999612756,180.26860000099987,48.0,0.4339095685077011,0.0,59,63,66,71,91,120,140,180,180,180,180
POST,POST /tickets/{id}/comments,70,1,74,83.408071429793,22.376799999619834,321.3003999990178,246.68571428571428,0.5730881093497939,0.008186972990711342,74,81,91,97,170,190,210,320,320,320,320
,Aggregated,3618,1,62,70.93539508011355,11.11569999193307,949.0035000053467,8335.43864013267,29.620468280393634,0.008186972990711342,62,72,82,90,120,150,220,290,530,950,950
