Method,Name,Error,Occurrences,First Seen,Last Seen
GET,GET /tickets (requester),CatchResponseError('500'),139,2026-09-30T21:52:48Z,2026-09-30T21:54:44Z
GET,GET /tickets?q= (search),CatchResponseError('503'),70,2026-09-30T21:53:25Z,2026-09-30T21:54:36Z
GET,GET /tickets/{id}/history,CatchResponseError('500'),12,2026-09-30T21:52:50Z,2026-09-30T21:54:44Z
POST,POST /tickets,CatchResponseError('0'),3,2026-09-30T21:53:39Z,2026-09-30T21:53:44Z
GET,GET /analytics/overview,CatchResponseError('500'),15,2026-09-30T21:52:49Z,2026-09-30T21:54:44Z
GET,GET /tickets/{id}/history,CatchResponseError('503'),348,2026-09-30T21:53:24Z,2026-09-30T21:54:44Z
GET,GET /tickets/{id}/comments,CatchResponseError('503'),741,2026-09-30T21:53:24Z,2026-09-30T21:54:44Z
GET,GET /tickets/{id},CatchResponseError('500'),113,2026-09-30T21:52:48Z,2026-09-30T21:54:44Z
GET,GET /tickets (my work),CatchResponseError('500'),43,2026-09-30T21:52:48Z,2026-09-30T21:54:43Z
GET,GET /tickets/{id}/comments,CatchResponseError('500'),33,2026-09-30T21:52:49Z,2026-09-30T21:54:44Z
GET,GET /kb/search,CatchResponseError('503'),235,2026-09-30T21:53:24Z,2026-09-30T21:54:37Z
GET,GET /tickets/{id}/ai,CatchResponseError('503'),361,2026-09-30T21:53:24Z,2026-09-30T21:54:44Z
GET,GET /tickets/{id},CatchResponseError('0'),2,2026-09-30T21:53:50Z,2026-09-30T21:53:55Z
GET,GET /tickets (SLA at risk),CatchResponseError('500'),15,2026-09-30T21:52:49Z,2026-09-30T21:54:22Z
GET,GET /tickets (my work),CatchResponseError('503'),226,2026-09-30T21:53:25Z,2026-09-30T21:54:37Z
POST,POST /tickets,CatchResponseError('500'),29,2026-09-30T21:52:49Z,2026-09-30T21:54:43Z
GET,GET /tickets (queue),CatchResponseError('500'),44,2026-09-30T21:52:49Z,2026-09-30T21:54:44Z
GET,GET /tickets/{id},CatchResponseError('503'),656,2026-09-30T21:53:24Z,2026-09-30T21:54:37Z
GET,GET /tickets (requester),CatchResponseError('0'),4,2026-09-30T21:53:50Z,2026-09-30T21:53:55Z
POST,POST /tickets,CatchResponseError('502'),7,2026-09-30T21:52:49Z,2026-09-30T21:54:11Z
GET,GET /analytics/overview,CatchResponseError('503'),109,2026-09-30T21:53:25Z,2026-09-30T21:54:37Z
GET,GET /analytics/ai-performance,CatchResponseError('500'),8,2026-09-30T21:52:49Z,2026-09-30T21:54:34Z
POST,POST /tickets,CatchResponseError('503'),119,2026-09-30T21:53:24Z,2026-09-30T21:54:36Z
GET,GET /kb/search,CatchResponseError('500'),70,2026-09-30T21:52:48Z,2026-09-30T21:54:44Z
GET,GET /tickets (queue),CatchResponseError('0'),1,2026-09-30T21:53:45Z,2026-09-30T21:53:45Z
GET,GET /tickets (requester),CatchResponseError('503'),604,2026-09-30T21:53:24Z,2026-09-30T21:54:37Z
GET,GET /tickets/{id}/comments,CatchResponseError('0'),3,2026-09-30T21:53:50Z,2026-09-30T21:54:08Z
GET,GET /analytics/ai-performance,CatchResponseError('503'),31,2026-09-30T21:53:25Z,2026-09-30T21:54:36Z
POST,POST /tickets/{id}/comments,LocustBadStatusCode(code=502),2,2026-09-30T21:53:20Z,2026-09-30T21:53:21Z
GET,GET /tickets?q= (search),CatchResponseError('500'),14,2026-09-30T21:52:48Z,2026-09-30T21:54:34Z
GET,GET /tickets (requester),CatchResponseError('400'),1,2026-09-30T21:53:49Z,2026-09-30T21:53:49Z
GET,GET /tickets (my work),CatchResponseError('0'),3,2026-09-30T21:53:55Z,2026-09-30T21:54:08Z
GET,GET /tickets (SLA at risk),CatchResponseError('503'),63,2026-09-30T21:53:25Z,2026-09-30T21:54:36Z
GET,GET /tickets (queue),CatchResponseError('503'),201,2026-09-30T21:53:24Z,2026-09-30T21:54:37Z
GET,GET /kb/search,CatchResponseError('0'),3,2026-09-30T21:53:49Z,2026-09-30T21:54:43Z
GET,GET /tickets/{id}/ai,CatchResponseError('500'),7,2026-09-30T21:53:30Z,2026-09-30T21:54:34Z
POST,POST /tickets/{id}/comments,LocustBadStatusCode(code=503),58,2026-09-30T21:53:27Z,2026-09-30T21:54:37Z
POST,POST /tickets/{id}/comments,LocustBadStatusCode(code=500),18,2026-09-30T21:52:49Z,2026-09-30T21:54:44Z
GET,GET /analytics/ai-performance,CatchResponseError('0'),1,2026-09-30T21:54:07Z,2026-09-30T21:54:07Z
