Timestamp,User Count,Type,Name,Requests/s,Failures/s,50%,66%,75%,80%,90%,95%,98%,99%,99.9%,99.99%,100%,Total Request Count,Total Failure Count,Total Median Response Time,Total Average Response Time,Total Min Response Time,Total Max Response Time,Total Average Content Size
1790803675,0,,Aggregated,0.000000,0.000000,N/A,N/A,N/A,N/A,N/A,N/A,N/A,N/A,N/A,N/A,N/A,0,0,0,0.0,0,0,0
1790803676,25,,Aggregated,0.000000,0.000000,N/A,N/A,N/A,N/A,N/A,N/A,N/A,N/A,N/A,N/A,N/A,0,0,0,0.0,0,0,0
1790803677,75,,Aggregated,0.000000,0.000000,N/A,N/A,N/A,N/A,N/A,N/A,N/A,N/A,N/A,N/A,N/A,0,0,0,0.0,0,0,0
1790803679,100,,Aggregated,0.000000,0.000000,N/A,N/A,N/A,N/A,N/A,N/A,N/A,N/A,N/A,N/A,N/A,0,0,0,0.0,0,0,0
1790803680,125,,Aggregated,0.000000,0.000000,4900,5100,5300,5300,5400,5500,5600,5600,5600,5600,5600,22,0,4900,4830.382068183098,4163.384700004826,5641.320099995937,19818.363636363636
1790803682,150,,Aggregated,0.000000,0.000000,5100,5300,5400,5400,5500,5600,5600,5600,5600,5600,5600,33,0,5100,4977.316448484392,4163.384700004826,5641.320099995937,18478.939393939392
1790803684,175,,Aggregated,3.142857,0.000000,5300,5500,6400,6600,6800,7100,7300,7300,7300,7300,7300,44,0,5300,5440.396029544817,4163.384700004826,7254.516000000876,17199.31818181818
1790803686,200,,Aggregated,3.666667,0.000000,5400,6600,7000,7300,8100,8200,8200,8300,8300,8300,8300,57,0,5400,5823.587784210216,1730.0239000032889,8263.395800007856,16307.807017543859
1790803687,225,,Aggregated,4.400000,0.000000,5400,6700,7200,8000,8200,8900,9000,9000,9000,9000,9000,83,0,5400,5373.230877107974,1000.6086999928812,9042.823600000702,15670.87951807229
1790803689,250,,Aggregated,0.000000,0.000000,N/A,N/A,N/A,N/A,N/A,N/A,N/A,N/A,N/A,N/A,N/A,0,0,0,0.0,0,0,0
1790803690,250,,Aggregated,0.000000,0.000000,2900,5700,5900,8200,9800,10000,11000,11000,11000,11000,11000,32,0,2900,4594.123187500827,1240.014599999995,10514.111500000581,10696.3125
1790803692,250,,Aggregated,0.000000,0.000000,5600,9200,9400,9600,10000,10000,11000,11000,11000,11000,11000,50,4,5600,5710.662618000933,1240.014599999995,10630.745400005253,11872.86
1790803693,250,,Aggregated,23.500000,2.000000,5600,9200,9600,9800,11000,11000,11000,13000,13000,13000,13000,61,4,5600,5991.198224590692,1240.014599999995,12635.442500002682,12413.83606557377
1790803694,250,,Aggregated,16.333333,1.333333,5500,9200,9600,10000,11000,12000,13000,13000,13000,13000,13000,69,5,5500,6090.890100000568,1240.014599999995,12635.442500002682,12394.536231884058
1790803695,250,,Aggregated,12.750000,1.000000,5600,9400,10000,11000,12000,13000,13000,14000,14000,14000,14000,100,8,5600,6638.326158000564,1240.014599999995,13597.989399990183,13842.42
1790803696,250,,Aggregated,12.200000,0.800000,5500,9200,9900,11000,12000,13000,13000,13000,14000,14000,14000,109,8,5500,6591.481155964067,1240.014599999995,13597.989399990183,14302.422018348623
1790803697,250,,Aggregated,12.200000,0.800000,5500,9200,9900,11000,12000,13000,13000,13000,14000,14000,14000,109,8,5500,6591.481155964067,1240.014599999995,13597.989399990183,14302.422018348623
1790803698,250,,Aggregated,12.200000,0.800000,5500,9200,9900,11000,12000,13000,13000,13000,14000,14000,14000,109,8,5500,6591.481155964067,1240.014599999995,13597.989399990183,14302.422018348623
1790803700,250,,Aggregated,12.200000,0.800000,5500,9200,9900,11000,12000,13000,13000,13000,14000,14000,14000,109,8,5500,6591.481155964067,1240.014599999995,13597.989399990183,14302.422018348623
1790803701,250,,Aggregated,12.200000,0.800000,5500,9200,9900,11000,12000,13000,13000,13000,14000,14000,14000,109,8,5500,6591.481155964067,1240.014599999995,13597.989399990183,14302.422018348623
1790803702,250,,Aggregated,12.200000,0.800000,5500,9200,9900,11000,12000,13000,13000,13000,14000,14000,14000,109,8,5500,6591.481155964067,1240.014599999995,13597.989399990183,14302.422018348623
1790803703,250,,Aggregated,12.200000,0.800000,5500,9200,9900,11000,12000,13000,13000,13000,14000,14000,14000,109,8,5500,6591.481155964067,1240.014599999995,13597.989399990183,14302.422018348623
1790803704,250,,Aggregated,12.200000,0.800000,5500,9200,9900,11000,12000,13000,13000,13000,14000,14000,14000,109,8,5500,6591.481155964067,1240.014599999995,13597.989399990183,14302.422018348623
1790803705,250,,Aggregated,12.200000,0.800000,5500,9200,9900,11000,12000,13000,13000,13000,14000,14000,14000,109,8,5500,6591.481155964067,1240.014599999995,13597.989399990183,14302.422018348623
1790803706,250,,Aggregated,12.200000,0.800000,5500,9200,9900,11000,12000,13000,13000,13000,14000,14000,14000,109,8,5500,6591.481155964067,1240.014599999995,13597.989399990183,14302.422018348623
1790803707,250,,Aggregated,12.200000,0.800000,5500,9200,9900,11000,12000,13000,13000,13000,14000,14000,14000,109,8,5500,6591.481155964067,1240.014599999995,13597.989399990183,14302.422018348623
1790803708,250,,Aggregated,12.200000,0.800000,5500,9200,9900,11000,12000,13000,13000,13000,14000,14000,14000,109,8,5500,6591.481155964067,1240.014599999995,13597.989399990183,14302.422018348623
1790803709,250,,Aggregated,0.900000,0.000000,5500,9200,9900,11000,12000,13000,13000,13000,14000,14000,14000,110,9,5500,6531.683275455329,13.714300002902746,13597.989399990183,14172.4
1790803710,250,,Aggregated,0.000000,0.000000,5200,9200,9900,11000,12000,13000,13000,13000,14000,14000,14000,112,11,5200,6415.899525893629,5.530700000235811,13597.989399990183,13919.32142857143
1790803711,250,,Aggregated,0.000000,0.000000,5200,9200,9900,11000,12000,13000,13000,13000,14000,14000,14000,112,11,5200,6415.899525893629,5.530700000235811,13597.989399990183,13919.32142857143
1790803712,250,,Aggregated,0.000000,0.000000,5200,9200,9900,11000,12000,13000,13000,13000,14000,14000,14000,112,11,5200,6415.899525893629,5.530700000235811,13597.989399990183,13919.32142857143
1790803713,250,,Aggregated,0.300000,0.300000,5200,9200,9800,11000,12000,13000,13000,13000,14000,14000,14000,113,12,5200,6359.157105310525,4.006000002846122,13597.989399990183,13796.141592920354
1790803714,250,,Aggregated,0.300000,0.300000,5200,9200,9800,11000,12000,13000,13000,13000,14000,14000,14000,113,12,5200,6359.157105310525,4.006000002846122,13597.989399990183,13796.141592920354
1790803715,250,,Aggregated,0.300000,0.300000,5200,9200,9800,11000,12000,13000,13000,13000,14000,14000,14000,114,13,5200,6303.422916667427,4.006000002846122,13597.989399990183,13675.122807017544
1790803716,250,,Aggregated,0.300000,0.300000,5200,9200,9800,11000,12000,13000,13000,13000,14000,14000,14000,114,13,5200,6303.422916667427,4.006000002846122,13597.989399990183,13675.122807017544
1790803717,250,,Aggregated,0.400000,0.400000,5200,9100,9800,11000,12000,13000,13000,13000,14000,14000,14000,115,14,5200,6248.654606087771,4.006000002846122,13597.989399990183,13556.208695652174
1790803718,250,,Aggregated,0.400000,0.400000,5200,9100,9800,11000,12000,13000,13000,13000,14000,14000,14000,115,14,5200,6248.654606087771,4.006000002846122,13597.989399990183,13556.208695652174
1790803719,250,,Aggregated,0.400000,0.400000,5200,9100,9800,11000,12000,13000,13000,13000,14000,14000,14000,115,14,5200,6248.654606087771,4.006000002846122,13597.989399990183,13556.208695652174
1790803720,250,,Aggregated,0.600000,0.600000,5100,9100,9800,11000,12000,13000,13000,13000,14000,14000,14000,117,16,5100,6141.937190599135,2.610200011986308,13597.989399990183,13324.478632478633
1790803721,250,,Aggregated,0.600000,0.600000,5100,9100,9800,11000,12000,13000,13000,13000,14000,14000,14000,117,16,5100,6141.937190599135,2.610200011986308,13597.989399990183,13324.478632478633
1790803722,250,,Aggregated,0.500000,0.500000,5100,8200,9800,11000,12000,13000,13000,13000,14000,14000,14000,119,18,5100,6038.9931857151305,2.610200011986308,13597.989399990183,13100.53781512605
1790803723,250,,Aggregated,0.500000,0.500000,5100,8200,9800,11000,12000,13000,13000,13000,14000,14000,14000,119,18,5100,6038.9931857151305,2.610200011986308,13597.989399990183,13100.53781512605
1790803724,250,,Aggregated,0.700000,0.700000,5200,9200,10000,11000,12000,13000,38000,38000,41000,41000,41000,123,20,5200,7080.07674959438,2.610200011986308,40813.59100001282,12898.650406504064
1790803725,250,,Aggregated,0.700000,0.700000,8000,11000,13000,33000,38000,39000,39000,41000,41000,41000,41000,154,26,8000,12740.256800650117,2.610200011986308,41328.11319999746,13466.538961038961
1790803726,250,,Aggregated,0.600000,0.600000,9900,32000,33000,36000,38000,39000,40000,40000,41000,41000,41000,207,62,9900,16679.69962850268,1.4497999945888296,41328.11319999746,11518.478260869566
1790803727,250,,Aggregated,2.600000,0.800000,27000,32000,34000,36000,38000,39000,40000,40000,41000,41000,41000,290,94,27000,20243.58970793129,1.4497999945888296,41328.11319999746,11372.496551724138
1790803728,250,,Aggregated,6.500000,3.500000,25000,32000,34000,36000,38000,39000,40000,40000,41000,41000,41000,311,103,25000,20025.68578971096,1.4497999945888296,41328.11319999746,10941.270096463022
1790803729,250,,Aggregated,14.400000,6.600000,14000,32000,33000,35000,38000,39000,40000,40000,41000,41000,41000,325,117,14000,19163.212406461862,1.4497999945888296,41328.11319999746,10469.953846153847
1790803730,250,,Aggregated,19.100000,8.400000,12000,32000,33000,34000,38000,39000,40000,40000,41000,41000,41000,356,148,12000,17494.876310955467,1.4497999945888296,41328.11319999746,9558.244382022473
1790803731,250,,Aggregated,20.300000,9.600000,9400,31000,32000,33000,38000,39000,40000,40000,41000,41000,41000,391,183,9400,15929.258248849434,1.4497999945888296,41328.11319999746,8702.64705882353
1790803732,250,,Aggregated,22.600000,11.900000,5900,31000,32000,33000,38000,39000,40000,40000,41000,41000,41000,419,187,5900,14869.765450119514,1.4497999945888296,41328.11319999746,8723.016706443914
1790803733,250,,Aggregated,26.300000,15.600000,4800,26000,32000,33000,37000,39000,39000,40000,41000,41000,41000,453,187,4800,13760.164254304844,1.4497999945888296,41328.11319999746,8731.25165562914
1790803734,250,,Aggregated,28.700000,16.900000,3300,13000,32000,32000,37000,39000,39000,40000,41000,41000,41000,493,187,3300,12651.205762880514,1.4497999945888296,41328.11319999746,9163.26369168357
1790803735,250,,Aggregated,31.800000,16.900000,1500,11000,31000,32000,37000,39000,39000,40000,41000,41000,41000,530,187,1500,11775.825589056758,1.4497999945888296,41328.11319999746,8955.5
1790803736,250,,Aggregated,36.200000,16.900000,170,10000,31000,32000,36000,38000,39000,40000,41000,41000,41000,555,187,170,11248.73913441455,1.4497999945888296,41328.11319999746,8873.754954954955
1790803737,250,,Aggregated,37.400000,16.600000,150,9200,28000,32000,36000,38000,39000,40000,41000,41000,41000,588,187,150,10623.518525170093,1.4497999945888296,41328.11319999746,8696.823129251701
1790803738,250,,Aggregated,36.400000,13.900000,140,5900,26000,32000,36000,38000,39000,40000,41000,41000,41000,617,187,140,10130.427394003298,1.4497999945888296,41328.11319999746,8690.871961102106
1790803739,250,,Aggregated,31.500000,10.700000,150,5000,13000,31000,35000,38000,39000,40000,41000,41000,41000,655,187,150,9554.226017862546,1.4497999945888296,41328.11319999746,8583.50076335878
1790803740,250,,Aggregated,30.400000,8.900000,130,4200,12000,31000,34000,38000,39000,40000,41000,41000,41000,688,187,130,9100.275826744071,1.4497999945888296,41328.11319999746,8617.072674418605
1790803741,250,,Aggregated,32.000000,7.700000,130,3700,12000,31000,34000,38000,39000,40000,41000,41000,41000,711,187,130,8808.035185372599,1.4497999945888296,41328.11319999746,8763.323488045007
1790803742,250,,Aggregated,33.600000,5.200000,130,2900,11000,28000,34000,38000,39000,40000,41000,41000,41000,740,187,130,8468.068240675564,1.4497999945888296,41328.11319999746,8675.121621621622
1790803743,250,,Aggregated,32.200000,1.500000,130,2500,9800,26000,34000,38000,39000,40000,41000,41000,41000,766,187,130,8189.741745169595,1.4497999945888296,41328.11319999746,8699.749347258487
1790803744,250,,Aggregated,32.500000,0.000000,130,560,9200,24000,33000,38000,39000,40000,41000,41000,41000,798,187,130,7866.833636591316,1.4497999945888296,41328.11319999746,8677.601503759399
1790803745,250,,Aggregated,31.700000,0.000000,130,330,6400,13000,33000,38000,39000,40000,41000,41000,41000,827,187,130,7596.251835912705,1.4497999945888296,41328.11319999746,8593.730350665055
1790803746,250,,Aggregated,30.600000,0.000000,130,270,5600,12000,33000,37000,39000,40000,41000,41000,41000,863,187,130,7283.380510544414,1.4497999945888296,41328.11319999746,8508.093858632677
1790803747,250,,Aggregated,30.200000,0.000000,130,250,5000,12000,33000,37000,39000,40000,41000,41000,41000,889,187,130,7076.122345781597,1.4497999945888296,41328.11319999746,8519.271091113611
1790803748,250,,Aggregated,30.400000,0.000000,130,230,4300,11000,33000,37000,39000,39000,41000,41000,41000,924,187,130,6811.9086253245005,1.4497999945888296,41328.11319999746,8539.43722943723
1790803749,250,,Aggregated,29.800000,0.000000,120,210,3800,9900,33000,37000,39000,39000,41000,41000,41000,950,187,120,6627.525045684018,1.4497999945888296,41328.11319999746,8518.1
1790803750,250,,Aggregated,30.000000,0.000000,120,210,3500,9600,32000,37000,39000,39000,41000,41000,41000,969,187,120,6499.803584829561,1.4497999945888296,41328.11319999746,8663.995872033023
1790803751,250,,Aggregated,29.800000,0.000000,120,200,2900,9200,32000,37000,39000,39000,41000,41000,41000,999,187,120,6308.226095595498,1.4497999945888296,41328.11319999746,8625.913913913913
1790803752,250,,Aggregated,27.700000,0.000000,120,190,2800,8000,32000,37000,39000,39000,41000,41000,41000,1028,187,120,6133.24146799602,1.4497999945888296,41328.11319999746,8695.003891050583
1790803753,250,,Aggregated,28.200000,0.000000,120,180,1500,5800,32000,37000,39000,39000,41000,41000,41000,1066,187,120,5918.559430393839,1.4497999945888296,41328.11319999746,8526.750469043152
1790803754,250,,Aggregated,27.900000,0.000000,120,180,1500,6100,32000,37000,39000,60000,64000,64000,64000,1110,203,120,6404.835548648535,1.4497999945888296,64483.34929998964,8391.01081081081
1790803755,250,,Aggregated,29.100000,0.000000,120,180,1200,5800,32000,38000,40000,60000,64000,64000,64000,1146,207,120,6361.830483507726,1.4497999945888296,64483.34929998964,8310.575043630017
1790803756,250,,Aggregated,29.500000,0.300000,120,180,540,5700,32000,38000,41000,60000,64000,64000,64000,1182,216,120,6474.562691539623,1.4497999945888296,64483.34929998964,8198.17005076142
1790803757,250,,Aggregated,31.100000,1.700000,120,180,2200,9200,34000,39000,60000,60000,64000,64000,64000,1245,247,120,7422.72164730904,1.4497999945888296,64483.34929998964,8098.371887550201
1790803758,250,,Aggregated,32.200000,2.500000,120,190,2800,9800,36000,55000,60000,60000,64000,64000,64000,1298,269,120,7970.290447226299,1.4497999945888296,64483.34929998964,7963.049306625578
1790803759,250,,Aggregated,33.600000,4.200000,120,180,2200,9400,35000,55000,60000,60000,64000,64000,64000,1327,271,120,7843.077865711906,1.4497999945888296,64483.34929998964,7992.470987189148
1790803760,250,,Aggregated,36.100000,7.800000,120,180,540,8000,34000,55000,60000,60000,64000,64000,64000,1375,275,120,7572.390404654371,1.4497999945888296,64483.34929998964,7906.079272727273
1790803761,250,,Aggregated,37.000000,8.300000,120,180,470,5900,34000,41000,60000,60000,64000,64000,64000,1409,276,120,7435.690238892659,1.4497999945888296,64483.34929998964,7925.687012065295
1790803762,250,,Aggregated,38.800000,8.500000,120,180,340,5100,34000,40000,60000,60000,64000,64000,64000,1451,278,120,7225.380299379557,1.4497999945888296,64483.34929998964,8086.476912474156
1790803763,250,,Aggregated,40.400000,8.800000,120,170,310,4800,34000,41000,60000,60000,64000,64000,64000,1497,282,120,7126.1858271207475,1.4497999945888296,64483.34929998964,8107.915163660655
1790803764,250,,Aggregated,41.200000,9.000000,120,170,280,4200,33000,41000,60000,60000,64000,64000,64000,1542,286,120,7038.4725896885975,1.4497999945888296,64483.34929998964,7995.95784695201
1790803765,250,,Aggregated,41.600000,9.300000,120,170,280,3800,33000,41000,60000,60000,64000,64000,64000,1584,292,120,6970.037244759999,1.4497999945888296,64483.34929998964,7928.521464646465
1790803766,250,,Aggregated,42.400000,9.300000,120,180,290,3400,33000,41000,60000,60000,64000,64000,64000,1622,294,120,6849.668935511606,1.4497999945888296,64483.34929998964,7970.548705302096
1790803767,250,,Aggregated,42.900000,8.300000,120,180,280,2900,33000,41000,60000,60000,64000,64000,64000,1657,298,120,6779.184719734388,1.4497999945888296,64483.34929998964,8029.153289076645
1790803768,250,,Aggregated,42.600000,8.100000,120,180,270,2800,33000,41000,60000,60000,64000,64000,64000,1694,302,120,6669.81871316405,1.4497999945888296,64483.34929998964,8018.867178276269
1790803769,250,,Aggregated,42.500000,6.500000,120,180,260,1800,33000,40000,60000,60000,64000,64000,64000,1735,303,120,6514.713310489826,1.4497999945888296,64483.34929998964,8008.89855907781
1790803770,250,,Aggregated,39.600000,3.500000,120,170,250,590,33000,40000,60000,60000,64000,64000,64000,1773,306,120,6377.143256345135,1.4497999945888296,64483.34929998964,8035.238014664411
1790803771,250,,Aggregated,40.200000,3.200000,120,180,250,520,32000,40000,60000,60000,64000,64000,64000,1813,309,120,6240.781435300575,1.4497999945888296,64483.34929998964,8007.589078874793
1790803772,250,,Aggregated,39.700000,3.200000,120,170,240,420,32000,39000,60000,60000,64000,64000,64000,1867,315,120,6063.29956630957,1.4497999945888296,64483.34929998964,7924.350294590252
1790803773,250,,Aggregated,39.700000,3.300000,120,170,230,370,32000,39000,60000,60000,64000,64000,64000,1898,323,120,5965.815956533164,1.4497999945888296,64483.34929998964,7942.3155953635405
1790803774,250,,Aggregated,40.900000,3.400000,120,170,230,350,32000,39000,60000,60000,64000,64000,64000,1922,325,120,5893.261505983336,1.4497999945888296,64483.34929998964,7974.639958376691
1790803775,250,,Aggregated,41.300000,3.600000,120,170,230,320,32000,39000,60000,60000,64000,64000,64000,1963,327,120,5773.735132042781,1.4497999945888296,64483.34929998964,7989.2058074375955
1790803776,250,,Aggregated,40.000000,4.000000,120,170,230,320,32000,39000,60000,60000,64000,64000,64000,1989,327,120,5699.6637336349595,1.4497999945888296,64483.34929998964,8045.280040221217
1790803777,250,,Aggregated,37.500000,3.900000,120,170,230,300,32000,39000,60000,60000,64000,64000,64000,2026,332,120,5597.801272852864,1.4497999945888296,64483.34929998964,8070.588845014808
1790803778,250,,Aggregated,37.300000,3.400000,120,170,230,290,32000,39000,60000,60000,64000,64000,64000,2061,338,120,5504.510642746192,1.4497999945888296,64483.34929998964,7976.606986899564
1790803779,250,,Aggregated,36.400000,3.400000,120,170,230,300,32000,39000,60000,60000,64000,64000,64000,2095,341,120,5418.614076420021,1.4497999945888296,64483.34929998964,8004.631503579953
1790803780,250,,Aggregated,36.600000,3.400000,120,170,230,290,32000,39000,60000,60000,64000,64000,64000,2130,342,120,5331.659109577413,1.4497999945888296,64483.34929998964,8038.884976525822
1790803781,250,,Aggregated,36.400000,3.800000,120,170,220,280,31000,39000,60000,60000,64000,64000,64000,2167,344,120,5242.0838763728125,1.4497999945888296,64483.34929998964,8034.44993077988
1790803782,250,,Aggregated,36.100000,3.700000,120,170,220,280,31000,39000,60000,60000,64000,64000,64000,2193,344,120,5180.777113543034,1.4497999945888296,64483.34929998964,8002.774737802098
1790803783,250,,Aggregated,34.800000,3.500000,120,170,220,270,31000,38000,60000,60000,64000,64000,64000,2230,347,120,5095.721154573943,1.4497999945888296,64483.34929998964,8016.903139013453
1790803784,250,,Aggregated,33.700000,3.300000,120,160,210,270,31000,38000,60000,60000,64000,64000,64000,2258,348,120,5033.133960761703,1.4497999945888296,64483.34929998964,8023.833923826395
1790803785,250,,Aggregated,32.500000,2.800000,120,160,210,260,28000,38000,60000,60000,64000,64000,64000,2292,348,120,4960.271550698057,1.4497999945888296,64483.34929998964,7999.092059336824
1790803786,250,,Aggregated,32.600000,2.500000,120,160,210,260,28000,38000,60000,60000,64000,64000,64000,2326,348,120,4890.182563413576,1.4497999945888296,64483.34929998964,7994.933791917455
1790803787,250,,Aggregated,32.900000,2.200000,120,160,210,260,27000,38000,60000,60000,64000,64000,64000,2368,349,120,4829.395136570922,1.4497999945888296,64483.34929998964,7957.877111486487
1790803788,250,,Aggregated,32.800000,2.100000,120,170,220,280,32000,41000,60000,60000,64000,64000,64000,2427,385,120,5526.567511124845,1.4497999945888296,64483.34929998964,7838.755665430573
1790803789,250,,Aggregated,33.200000,2.000000,120,170,220,280,32000,41000,59000,60000,64000,64000,64000,2459,387,120,5503.149269825135,1.4497999945888296,64483.34929998964,7853.44286295242
1790803790,250,,Aggregated,33.500000,1.500000,120,170,220,280,32000,40000,59000,60000,64000,64000,64000,2493,387,120,5429.453758924972,1.4497999945888296,64483.34929998964,7851.815082230245
1790803791,250,,Aggregated,35.700000,4.700000,120,170,220,270,31000,40000,59000,60000,64000,64000,64000,2541,387,120,5329.720507437966,1.4497999945888296,64483.34929998964,7854.890987800079
1790803792,250,,Aggregated,35.900000,4.600000,120,170,220,270,31000,40000,59000,60000,64000,64000,64000,2582,387,120,5247.023054376403,1.4497999945888296,64483.34929998964,7826.0193648334625
1790803794,250,,Aggregated,36.200000,4.400000,120,170,210,260,31000,39000,59000,60000,64000,64000,64000,2634,387,120,5146.962460364445,1.4497999945888296,64483.34929998964,7789.387623386485
1790803795,250,,Aggregated,37.300000,4.300000,120,170,210,260,28000,39000,59000,60000,64000,64000,64000,2679,387,120,5062.630307614763,1.4497999945888296,64483.34929998964,7820.351250466592
1790803796,250,,Aggregated,40.200000,3.900000,120,170,220,260,28000,39000,59000,60000,64000,64000,64000,2710,387,120,5007.464974501824,1.4497999945888296,64483.34929998964,7790.631365313653
1790803797,250,,Aggregated,41.900000,3.900000,120,170,220,270,27000,39000,59000,60000,64000,64000,64000,2743,387,120,4951.032003536251,1.4497999945888296,64483.34929998964,7848.5300765585125
1790803798,250,,Aggregated,41.300000,3.900000,130,170,220,270,25000,39000,59000,60000,64000,64000,64000,2783,388,130,4904.568008048844,1.4497999945888296,64483.34929998964,7871.885016169601
1790803799,250,,Aggregated,41.000000,3.900000,130,170,220,270,26000,39000,59000,60000,64000,64000,64000,2822,394,130,4966.028841105576,1.4497999945888296,64483.34929998964,7862.041105598866
1790803800,250,,Aggregated,41.400000,3.900000,130,180,220,270,25000,39000,59000,60000,64000,64000,64000,2863,395,130,4918.520921131659,1.4497999945888296,64483.34929998964,7873.9444638491095
1790803801,250,,Aggregated,38.900000,0.700000,130,170,220,260,24000,39000,59000,60000,64000,64000,64000,2899,395,130,4858.779369886142,1.4497999945888296,64483.34929998964,7889.571921352191
1790803802,250,,Aggregated,39.800000,0.800000,130,170,220,260,14000,39000,59000,60000,64000,64000,64000,2927,395,130,4813.0919380252635,1.4497999945888296,64483.34929998964,7931.1554492654595
1790803803,250,,Aggregated,40.200000,0.800000,130,170,220,260,25000,39000,60000,60000,64000,64000,64000,2970,404,130,4926.400401279446,1.4497999945888296,64483.34929998964,7930.63569023569
1790803804,250,,Aggregated,38.300000,0.800000,130,170,220,260,24000,39000,60000,60000,62000,64000,64000,3003,404,130,4873.56946050614,1.4497999945888296,64483.34929998964,7945.481518481519
1790803805,250,,Aggregated,38.100000,1.700000,130,170,220,260,13000,39000,60000,60000,62000,64000,64000,3041,405,130,4834.884286780633,1.4497999945888296,64483.34929998964,7945.865833607366
1790803806,110,,Aggregated,38.100000,1.700000,130,170,220,260,13000,39000,60000,60000,62000,64000,64000,3051,407,130,4858.585810357223,1.4497999945888296,64483.34929998964,7921.25827597509
1790803807,108,,Aggregated,35.600000,1.800000,130,170,220,260,24000,40000,60000,60000,62000,64000,64000,3053,409,130,4894.717503177162,1.4497999945888296,64483.34929998964,7916.069112348509
1790803808,107,,Aggregated,35.600000,1.800000,130,170,220,260,24000,40000,60000,60000,62000,64000,64000,3054,410,130,4912.762387393544,1.4497999945888296,64483.34929998964,7913.477079240341
1790803809,107,,Aggregated,35.600000,1.800000,130,170,220,260,24000,40000,60000,60000,62000,64000,64000,3054,410,130,4912.762387393544,1.4497999945888296,64483.34929998964,7913.477079240341
1790803810,107,,Aggregated,35.600000,1.800000,130,170,220,260,24000,40000,60000,60000,62000,64000,64000,3054,410,130,4912.762387393544,1.4497999945888296,64483.34929998964,7913.477079240341
1790803811,107,,Aggregated,35.600000,1.800000,130,170,220,260,24000,40000,60000,60000,62000,64000,64000,3054,410,130,4912.762387393544,1.4497999945888296,64483.34929998964,7913.477079240341
1790803812,107,,Aggregated,35.600000,1.800000,130,170,220,260,24000,40000,60000,60000,62000,64000,64000,3054,410,130,4912.762387393544,1.4497999945888296,64483.34929998964,7913.477079240341
1790803813,104,,Aggregated,19.500000,1.500000,130,170,220,260,25000,40000,60000,60000,62000,64000,64000,3059,413,130,4963.626204772763,1.4497999945888296,64483.34929998964,7900.65250081726
1790803814,104,,Aggregated,19.500000,1.500000,130,170,220,260,25000,40000,60000,60000,62000,64000,64000,3059,413,130,4963.626204772763,1.4497999945888296,64483.34929998964,7900.65250081726
